Application,ProcessID,SwapChainAddress,Runtime,SyncInterval,PresentFlags,Dropped,TimeInSeconds,msInPresentAPI,msBetweenPresents,AllowsTearing,PresentMode,msUntilRenderComplete,msUntilDisplayed,msBetweenDisplayChange,msFlipDelay,msUntilRenderStart,msGPUActive,msSinceInput
mpc-hc64.exe,75360,0x0000000004F78900,DXGI,1,0,1,6.64158530000000,130.97430000000000,49.13310000000000,0,Composed: Flip,150.39800000000000,0.00000000000000,0.00000000000000,0.00000000000000,-45.00790000000000,20.88120000000000,0.00000000000000
mpc-hc64.exe,75360,0x0000000004F78900,DXGI,1,0,1,6.77533650000000,0.46710000000000,133.75120000000001,0,Composed: Flip,82.32350000000001,0.00000000000000,0.00000000000000,0.00000000000000,48.98920000000000,33.32800000000000,0.00000000000000
mpc-hc64.exe,75360,0x0000000004F78900,DXGI,1,0,1,6.79105270000000,0.10350000000000,15.71620000000000,0,Composed: Flip,99.99460000000001,0.00000000000000,0.00000000000000,0.00000000000000,66.60960000000000,33.36360000000000,0.00000000000000
mpc-hc64.exe,75360,0x0000000004F78900,DXGI,1,0,1,6.80790970000000,0.09160000000000,16.85700000000000,0,Composed: Flip,116.50220000000000,0.00000000000000,0.00000000000000,0.00000000000000,83.14010000000000,33.32310000000000,0.00000000000000
mpc-hc64.exe,75360,0x0000000004F78900,DXGI,1,0,0,6.82421500000000,1.56820000000000,16.30530000000000,0,Hardware Composed: Independent Flip,133.51590000000002,149.83080000000001,0.00000000000000,0.00000000000000,100.19910000000000,33.30920000000000,0.00000000000000
mpc-hc64.exe,75360,0x0000000004F78900,DXGI,1,0,0,6.84094360000000,18.04780000000000,16.72860000000000,0,Hardware Composed: Independent Flip,133.63939999999999,149.69150000000002,16.58930000000000,0.00000000000000,116.78730000000000,7.70060000000000,0.00000000000000
mpc-hc64.exe,75360,0x0000000004F78900,DXGI,1,0,0,6.87415380000000,18.44980000000000,33.21020000000000,0,Hardware Composed: Independent Flip,116.97560000000000,133.20640000000000,16.72510000000000,0.00000000000000,100.42920000000001,7.64350000000000,0.00000000000000
mpc-hc64.exe,75360,0x0000000004F78900,DXGI,1,0,0,6.90756800000000,49.94920000000000,33.41420000000000,0,Hardware Composed: Independent Flip,100.20920000000001,116.47120000000001,16.67900000000000,0.00000000000000,83.56140000000001,0.67970000000000,0.00000000000000
mpc-hc64.exe,75360,0x0000000004F78900,DXGI,1,0,0,6.97424520000000,0.09410000000000,66.67720000000000,0,Hardware Composed: Independent Flip,50.22700000000000,66.41360000000000,16.61960000000000,0.00000000000000,33.53200000000000,7.21050000000000,0.00000000000000
mpc-hc64.exe,75360,0x0000000004F78900,DXGI,1,0,0,7.01444170000000,0.05040000000000,40.19650000000000,0,Hardware Composed: Independent Flip,49.63270000000000,59.56350000000000,33.34640000000000,0.00000000000000,10.03050000000000,8.05340000000000,0.00000000000000
mpc-hc64.exe,75360,0x0000000004F78900,DXGI,1,0,0,7.05559240000000,0.05390000000000,41.15070000000000,0,Hardware Composed: Independent Flip,49.64800000000000,51.70120000000000,33.28840000000000,0.00000000000000,8.48200000000000,7.29040000000000,0.00000000000000
mpc-hc64.exe,75360,0x0000000004F78900,DXGI,1,0,0,7.09759340000000,0.05450000000000,42.00100000000000,0,Hardware Composed: Independent Flip,50.16910000000000,59.78780000000000,50.08760000000000,0.00000000000000,7.64700000000000,7.81270000000000,0.00000000000000
mpc-hc64.exe,75360,0x0000000004F78900,DXGI,1,0,0,7.13959900000000,0.05080000000000,42.00560000000000,0,Hardware Composed: Independent Flip,48.42210000000000,51.03060000000000,33.24840000000000,0.00000000000000,8.16350000000000,7.30900000000000,0.00000000000000
mpc-hc64.exe,75360,0x0000000004F78900,DXGI,1,0,0,7.18049860000000,0.04750000000000,40.89960000000000,0,Hardware Composed: Independent Flip,50.05980000000000,60.13560000000000,50.00460000000000,0.00000000000000,7.52250000000000,7.81030000000000,0.00000000000000
mpc-hc64.exe,75360,0x0000000004F78900,DXGI,1,0,0,7.22251810000000,0.06370000000000,42.01950000000000,0,Hardware Composed: Independent Flip,49.37420000000000,51.52180000000000,33.40570000000000,0.00000000000000,8.04030000000000,7.34780000000000,0.00000000000000
mpc-hc64.exe,75360,0x0000000004F78900,DXGI,1,0,0,7.26437290000000,0.04900000000000,41.85480000000000,0,Hardware Composed: Independent Flip,49.41390000000001,59.59830000000000,49.93130000000000,0.00000000000000,7.51940000000000,8.02570000000000,0.00000000000000
mpc-hc64.exe,75360,0x0000000004F78900,DXGI,1,0,0,7.30545350000000,0.05260000000000,41.08060000000000,0,Hardware Composed: Independent Flip,49.33760000000000,51.84710000000000,33.32940000000000,0.00000000000000,8.33330000000000,7.29840000000000,0.00000000000000
mpc-hc64.exe,75360,0x0000000004F78900,DXGI,1,0,0,7.34724790000000,0.05320000000000,41.79440000000000,0,Hardware Composed: Independent Flip,51.57190000000000,60.08620000000001,50.03350000000000,0.00000000000000,7.54320000000000,7.77720000000000,0.00000000000000
mpc-hc64.exe,75360,0x0000000004F78900,DXGI,1,0,0,7.39079550000000,0.06870000000000,43.54760000000000,0,Hardware Composed: Independent Flip,47.28810000000000,49.83280000000000,33.29420000000000,0.00000000000000,8.02430000000000,7.30750000000000,0.00000000000000
mpc-hc64.exe,75360,0x0000000004F78900,DXGI,1,0,0,7.43056580000000,0.04690000000000,39.77030000000000,0,Hardware Composed: Independent Flip,51.83660000000000,60.06280000000000,50.00030000000000,0.00000000000000,7.51780000000000,7.94080000000000,0.00000000000000
mpc-hc64.exe,75360,0x0000000004F78900,DXGI,1,0,0,7.47425550000000,0.11260000000000,43.68970000000000,0,Hardware Composed: Independent Flip,48.01390000000000,49.71210000000000,33.33900000000000,0.00000000000000,8.14690000000000,7.30720000000000,0.00000000000000
mpc-hc64.exe,75360,0x0000000004F78900,DXGI,1,0,0,7.51471300000000,0.04890000000000,40.45750000000000,0,Hardware Composed: Independent Flip,50.93180000000000,59.28620000000000,50.03160000000000,0.00000000000000,7.55640000000000,7.84660000000000,0.00000000000000
mpc-hc64.exe,75360,0x0000000004F78900,DXGI,1,0,0,7.55761400000000,0.05860000000000,42.90100000000000,0,Hardware Composed: Independent Flip,58.38100000000000,66.35320000000000,49.96800000000000,0.00000000000000,8.03080000000000,7.94860000000000,0.00000000000000
mpc-hc64.exe,75360,0x0000000004F78900,DXGI,1,0,0,7.60775610000000,0.12280000000000,50.14210000000000,0,Hardware Composed: Independent Flip,41.21830000000000,49.61760000000000,33.40650000000000,0.00000000000000,8.23890000000000,7.81690000000000,0.00000000000000
mpc-hc64.exe,75360,0x0000000004F78900,DXGI,1,0,0,7.64092270000000,0.05930000000000,33.16660000000000,0,Hardware Composed: Independent Flip,58.09690000000001,66.45780000000001,50.00680000000001,0.00000000000000,8.05170000000000,7.96610000000000,0.00000000000000
mpc-hc64.exe,75360,0x0000000004F78900,DXGI,1,0,0,7.69082080000000,0.06480000000000,49.89810000000000,0,Hardware Composed: Independent Flip,41.75190000000000,49.80830000000000,33.24860000000000,0.00000000000000,8.19880000000000,7.77870000000000,0.00000000000000
mpc-hc64.exe,75360,0x0000000004F78900,DXGI,1,0,0,7.72429620000000,0.23230000000000,33.47540000000000,0,Hardware Composed: Independent Flip,57.89850000000001,66.33990000000000,50.00700000000001,0.00000000000000,8.27650000000000,7.75870000000000,0.00000000000000
mpc-hc64.exe,75360,0x0000000004F78900,DXGI,1,0,0,7.77422170000000,0.04680000000000,49.92550000000000,0,Hardware Composed: Independent Flip,41.31680000000000,49.74640000000000,33.33200000000000,0.00000000000000,7.97300000000000,7.76070000000000,0.00000000000000
mpc-hc64.exe,75360,0x0000000004F78900,DXGI,1,0,0,7.80754180000000,0.05930000000000,33.32010000000000,0,Hardware Composed: Independent Flip,58.22190000000001,66.50590000000000,50.07960000000000,0.00000000000000,7.99670000000000,7.81870000000000,0.00000000000000
mpc-hc64.exe,75360,0x0000000004F78900,DXGI,1,0,0,7.85763410000000,0.12420000000000,50.09230000000000,0,Hardware Composed: Independent Flip,41.31040000000000,49.74590000000000,33.33230000000000,0.00000000000000,8.12960000000000,7.81510000000000,0.00000000000000
mpc-hc64.exe,75360,0x0000000004F78900,DXGI,1,0,0,7.89085280000000,0.06610000000000,33.21870000000000,0,Hardware Composed: Independent Flip,58.12180000000000,66.45350000000001,49.92630000000000,0.00000000000000,8.09170000000000,7.96060000000000,0.00000000000000
mpc-hc64.exe,75360,0x0000000004F78900,DXGI,1,0,0,7.94079560000000,0.05060000000000,49.94280000000001,0,Hardware Composed: Independent Flip,41.54810000000001,49.87540000000000,33.36470000000000,0.00000000000000,8.17900000000000,7.85220000000000,0.00000000000000
mpc-hc64.exe,75360,0x0000000004F78900,DXGI,1,0,0,7.97421470000000,0.10390000000000,33.41910000000000,0,Hardware Composed: Independent Flip,58.13860000000000,66.43430000000001,49.97800000000000,0.00000000000000,8.12900000000000,7.77860000000000,0.00000000000000
mpc-hc64.exe,75360,0x0000000004F78900,DXGI,1,0,0,8.02432670000000,0.07850000000000,50.11200000000000,0,Hardware Composed: Independent Flip,41.35910000000001,49.73030000000000,33.40800000000000,0.00000000000000,8.02660000000000,7.80870000000000,0.00000000000000
mpc-hc64.exe,75360,0x0000000004F78900,DXGI,1,0,0,8.05764680000000,0.05670000000000,33.32010000000000,0,Hardware Composed: Independent Flip,57.96030000000000,66.39780000000000,49.98760000000000,0.00000000000000,8.03900000000000,7.79070000000000,0.00000000000000
mpc-hc64.exe,75360,0x0000000004F78900,DXGI,1,0,0,8.10760860000000,0.04490000000000,49.96180000000000,0,Hardware Composed: Independent Flip,41.31550000000000,49.81670000000000,33.38070000000000,0.00000000000000,7.99850000000000,7.77640000000000,0.00000000000000
mpc-hc64.exe,75360,0x0000000004F78900,DXGI,1,0,0,8.14099350000000,0.04850000000000,33.38490000000000,0,Hardware Composed: Independent Flip,57.94910000000000,66.39700000000001,49.96520000000000,0.00000000000000,7.93060000000000,7.83080000000000,0.00000000000000
mpc-hc64.exe,75360,0x0000000004F78900,DXGI,1,0,0,8.19084590000000,0.15810000000000,49.85240000000000,0,Hardware Composed: Independent Flip,41.61460000000000,49.78870000000001,33.24410000000000,0.00000000000000,8.09670000000000,7.90980000000000,0.00000000000000
mpc-hc64.exe,75360,0x0000000004F78900,DXGI,1,0,0,8.22427160000000,0.06930000000000,33.42570000000000,0,Hardware Composed: Independent Flip,58.18480000000000,66.38490000000000,50.02190000000000,0.00000000000000,8.18890000000000,7.99890000000000,0.00000000000000
mpc-hc64.exe,75360,0x0000000004F78900,DXGI,1,0,0,8.27424350000000,0.07940000000000,49.97190000000001,0,Hardware Composed: Independent Flip,41.40180000000000,49.75950000000000,33.34650000000000,0.00000000000000,8.21290000000000,7.78350000000000,0.00000000000000
mpc-hc64.exe,75360,0x0000000004F78900,DXGI,1,0,0,8.30753210000000,0.06450000000000,33.28860000000000,0,Hardware Composed: Independent Flip,58.47780000000000,66.51980000000000,50.04890000000000,0.00000000000000,8.11320000000000,8.03110000000000,0.00000000000000
mpc-hc64.exe,75360,0x0000000004F78900,DXGI,1,0,0,8.35768090000000,0.08670000000000,50.14880000000000,0,Hardware Composed: Independent Flip,41.25780000000000,49.69810000000000,33.32710000000000,0.00000000000000,8.32900000000000,7.86930000000000,0.00000000000000
mpc-hc64.exe,75360,0x0000000004F78900,DXGI,1,0,0,8.39085420000000,0.04830000000000,33.17330000000000,0,Hardware Composed: Independent Flip,58.03270000000001,66.44910000000000,49.92430000000000,0.00000000000000,8.08450000000000,7.88640000000000,0.00000000000000
mpc-hc64.exe,75360,0x0000000004F78900,DXGI,1,0,0,8.44085520000000,0.04290000000000,50.00100000000000,0,Hardware Composed: Independent Flip,41.49680000000000,49.78670000000000,33.33860000000000,0.00000000000000,8.03170000000000,7.86180000000000,0.00000000000000
mpc-hc64.exe,75360,0x0000000004F78900,DXGI,1,0,0,8.47428870000000,0.44130000000000,33.43350000000000,0,Hardware Composed: Independent Flip,58.15800000000000,66.36800000000001,50.01480000000000,0.00000000000000,8.06330000000000,7.83040000000000,0.00000000000000
mpc-hc64.exe,75360,0x0000000004F78900,DXGI,1,0,0,8.52432410000000,0.05490000000000,50.03540000000000,0,Hardware Composed: Independent Flip,41.35260000000000,49.72780000000000,33.39520000000000,0.00000000000000,8.12260000000000,7.92840000000000,0.00000000000000
mpc-hc64.exe,75360,0x0000000004F78900,DXGI,1,0,0,8.55754600000000,0.05290000000000,33.22190000000001,0,Hardware Composed: Independent Flip,58.07690000000000,66.50270000000000,49.99680000000000,0.00000000000000,8.13070000000000,7.77460000000000,0.00000000000000
mpc-hc64.exe,75360,0x0000000004F78900,DXGI,1,0,0,8.60761360000000,0.05370000000000,50.06760000000001,0,Hardware Composed: Independent Flip,41.75240000000000,49.69010000000000,33.25500000000000,0.00000000000000,8.00930000000000,8.05530000000000,0.00000000000000
mpc-hc64.exe,75360,0x0000000004F78900,DXGI,1,0,0,8.64103460000000,0.05620000000000,33.42100000000000,0,Hardware Composed: Independent Flip,57.81520000000000,66.36370000000001,50.09460000000000,0.00000000000000,8.33140000000000,7.78950000000000,0.00000000000000
mpc-hc64.exe,75360,0x0000000004F78900,DXGI,1,0,0,8.69078110000000,0.05310000000000,49.74650000000000,0,Hardware Composed: Independent Flip,44.66920000000000,49.85570000000001,33.23850000000000,0.00000000000000,8.06870000000000,7.19480000000000,0.00000000000000
mpc-hc64.exe,75360,0x0000000004F78900,DXGI,1,0,0,8.72415800000000,0.04910000000000,33.37690000000000,0,Hardware Composed: Independent Flip,58.24020000000000,66.47610000000000,49.99730000000000,0.00000000000000,11.29230000000000,7.89490000000000,0.00000000000000
mpc-hc64.exe,75360,0x0000000004F78900,DXGI,1,0,0,8.77427720000000,0.04940000000000,50.11920000000000,0,Hardware Composed: Independent Flip,41.27440000000000,49.76890000000000,33.41200000000000,0.00000000000000,8.12100000000000,7.85300000000000,0.00000000000000
mpc-hc64.exe,75360,0x0000000004F78900,DXGI,1,0,0,8.80747990000000,0.16120000000000,33.20270000000000,0,Hardware Composed: Independent Flip,58.25110000000000,66.59240000000000,50.02620000000000,0.00000000000000,8.07170000000000,7.75350000000000,0.00000000000000
mpc-hc64.exe,75360,0x0000000004F78900,DXGI,1,0,0,8.85774530000000,0.07270000000000,50.26540000000000,0,Hardware Composed: Independent Flip,41.52730000000000,49.57740000000000,33.25040000000000,0.00000000000000,7.98570000000000,7.90580000000000,0.00000000000000
mpc-hc64.exe,75360,0x0000000004F78900,DXGI,1,0,0,8.89102670000000,0.17130000000000,33.28140000000000,0,Hardware Composed: Independent Flip,57.96580000000000,66.36460000000001,50.06860000000000,0.00000000000000,8.24590000000000,7.78080000000000,0.00000000000000
mpc-hc64.exe,75360,0x0000000004F78900,DXGI,1,0,0,8.94096960000000,0.05910000000000,49.94290000000000,0,Hardware Composed: Independent Flip,41.32380000000000,49.67420000000000,33.25250000000000,0.00000000000000,8.02290000000000,7.77850000000000,0.00000000000000
mpc-hc64.exe,75360,0x0000000004F78900,DXGI,1,0,0,8.97428150000000,0.06620000000000,33.31190000000000,0,Hardware Composed: Independent Flip,57.97410000000000,66.36130000000000,49.99900000000000,0.00000000000000,8.01190000000000,7.76920000000000,0.00000000000000
mpc-hc64.exe,75360,0x0000000004F78900,DXGI,1,0,0,9.02439770000000,0.04700000000000,50.11620000000000,0,Hardware Composed: Independent Flip,41.26310000000000,49.64360000000000,33.39850000000000,0.00000000000000,7.85790000000000,7.79110000000000,0.00000000000000
mpc-hc64.exe,75360,0x0000000004F78900,DXGI,1,0,0,9.05765790000000,0.04650000000000,33.26020000000000,0,Hardware Composed: Independent Flip,58.20700000000000,66.31830000000001,49.93490000000000,0.00000000000000,8.00290000000000,7.81210000000000,0.00000000000000
mpc-hc64.exe,75360,0x0000000004F78900,DXGI,1,0,0,9.10777350000000,0.14190000000000,50.11560000000000,0,Hardware Composed: Independent Flip,41.15590000000000,49.59690000000001,33.39420000000000,0.00000000000000,8.09140000000000,7.79520000000000,0.00000000000000
mpc-hc64.exe,75360,0x0000000004F78900,DXGI,1,0,0,9.14089930000000,0.06860000000000,33.12580000000000,0,Hardware Composed: Independent Flip,58.05010000000000,66.45340000000000,49.98230000000000,0.00000000000000,8.03010000000000,7.80900000000000,0.00000000000000
mpc-hc64.exe,75360,0x0000000004F78900,DXGI,1,0,0,9.19089960000000,0.05610000000000,50.00030000000000,0,Hardware Composed: Independent Flip,41.58930000000000,49.74820000000000,33.29510000000001,0.00000000000000,8.04980000000000,7.96450000000000,0.00000000000000
mpc-hc64.exe,75360,0x0000000004F78900,DXGI,1,0,0,9.22430810000000,0.05370000000000,33.40850000000000,0,Hardware Composed: Independent Flip,58.21000000000000,66.41400000000000,50.07430000000000,0.00000000000000,8.18080000000000,7.97330000000000,0.00000000000000
mpc-hc64.exe,75360,0x0000000004F78900,DXGI,1,0,0,9.27429440000000,0.06190000000000,49.98630000000000,0,Hardware Composed: Independent Flip,41.30560000000001,49.68410000000000,33.25640000000000,0.00000000000000,8.22370000000000,7.81950000000000,0.00000000000000
mpc-hc64.exe,75360,0x0000000004F78900,DXGI,1,0,0,9.30757680000000,0.05670000000000,33.28240000000000,0,Hardware Composed: Independent Flip,62.05360000000000,66.49330000000000,50.09160000000000,0.00000000000000,8.02320000000000,11.74190000000000,0.00000000000000
mpc-hc64.exe,75360,0x0000000004F78900,DXGI,1,0,0,9.35753040000000,0.06690000000000,49.95360000000000,0,Hardware Composed: Independent Flip,45.20760000000000,49.85960000000000,33.31990000000000,0.00000000000000,12.10000000000000,11.69440000000000,0.00000000000000
mpc-hc64.exe,75360,0x0000000004F78900,DXGI,1,0,0,9.39082240000000,0.05330000000000,33.29200000000000,0,Hardware Composed: Independent Flip,62.09200000000001,66.48730000000000,49.91970000000000,0.00000000000000,11.91560000000000,11.83620000000000,0.00000000000000
mpc-hc64.exe,75360,0x0000000004F78900,DXGI,1,0,0,9.44086520000000,0.06250000000000,50.04280000000000,0,Hardware Composed: Independent Flip,45.37670000000000,49.83100000000000,33.38650000000000,0.00000000000000,12.04920000000000,11.69970000000000,0.00000000000000
mpc-hc64.exe,75360,0x0000000004F78900,DXGI,1,0,0,9.47430990000000,0.07620000000000,33.44470000000000,0,Hardware Composed: Independent Flip,62.19700000000000,66.33540000000001,49.94910000000000,0.00000000000000,11.93200000000000,11.97920000000000,0.00000000000000
mpc-hc64.exe,75360,0x0000000004F78900,DXGI,1,0,0,9.52429700000000,0.04730000000000,49.98710000000001,0,Hardware Composed: Independent Flip,45.54190000000001,49.76610000000000,33.41780000000000,0.00000000000000,12.20990000000000,12.01780000000000,0.00000000000000
mpc-hc64.exe,75360,0x0000000004F78900,DXGI,1,0,0,9.55756550000000,0.21550000000000,33.26850000000000,0,Hardware Composed: Independent Flip,62.35910000000001,66.48590000000000,49.98830000000000,0.00000000000000,12.27340000000000,12.02440000000000,0.00000000000000
mpc-hc64.exe,75360,0x0000000004F78900,DXGI,1,0,0,9.60764590000000,0.05580000000000,50.08040000000000,0,Hardware Composed: Independent Flip,45.41280000000000,49.68370000000000,33.27820000000000,0.00000000000000,12.27870000000000,11.88430000000000,0.00000000000000
mpc-hc64.exe,75360,0x0000000004F78900,DXGI,1,0,0,9.64094740000000,0.06580000000000,33.30150000000000,0,Hardware Composed: Independent Flip,62.13070000000000,66.35730000000001,49.97510000000000,0.00000000000000,12.11130000000000,12.09650000000000,0.00000000000000
mpc-hc64.exe,75360,0x0000000004F78900,DXGI,1,0,0,9.69077190000000,0.61460000000000,49.82450000000000,0,Hardware Composed: Independent Flip,45.96580000000000,49.86540000000000,33.33260000000000,0.00000000000000,12.30620000000000,12.21550000000000,0.00000000000000
mpc-hc64.exe,75360,0x0000000004F78900,DXGI,1,0,0,9.72430660000000,0.06440000000000,33.53470000000000,0,Hardware Composed: Independent Flip,62.35600000000000,66.34280000000000,50.01210000000000,0.00000000000000,12.43110000000000,12.16470000000000,0.00000000000000
mpc-hc64.exe,75360,0x0000000004F78900,DXGI,1,0,0,9.77422380000000,0.06400000000000,49.91720000000000,0,Hardware Composed: Independent Flip,45.62240000000000,49.75380000000001,33.32820000000000,0.00000000000000,12.43880000000000,11.99210000000000,0.00000000000000
mpc-hc64.exe,75360,0x0000000004F78900,DXGI,1,0,0,9.80760570000000,0.05470000000000,33.38190000000000,0,Hardware Composed: Independent Flip,62.31560000000000,66.44180000000000,50.06990000000000,0.00000000000000,12.24050000000000,12.06960000000000,0.00000000000000
mpc-hc64.exe,75360,0x0000000004F78900,DXGI,1,0,0,9.85761690000000,0.05230000000000,50.01120000000000,0,Hardware Composed: Independent Flip,45.80250000000000,49.76650000000000,33.33590000000000,0.00000000000000,12.30440000000000,12.30170000000000,0.00000000000000
mpc-hc64.exe,75360,0x0000000004F78900,DXGI,1,0,0,9.89096300000000,0.04540000000000,33.34610000000000,0,Hardware Composed: Independent Flip,62.47130000000001,66.42240000000000,50.00200000000000,0.00000000000000,12.45640000000000,12.17000000000000,0.00000000000000
mpc-hc64.exe,75360,0x0000000004F78900,DXGI,1,0,0,9.94096570000000,0.06300000000000,50.00270000000000,0,Hardware Composed: Independent Flip,45.71640000000000,49.72550000000000,33.30580000000000,0.00000000000000,12.46860000000000,12.08710000000000,0.00000000000000
mpc-hc64.exe,75360,0x0000000004F78900,DXGI,1,0,0,9.97431090000000,0.11910000000000,33.34520000000000,0,Hardware Composed: Independent Flip,62.48770000000000,66.33380000000000,49.95350000000001,0.00000000000000,12.37120000000000,12.24070000000000,0.00000000000000
mpc-hc64.exe,75360,0x0000000004F78900,DXGI,1,0,0,10.02426970000000,0.06040000000000,49.95880000000000,0,Hardware Composed: Independent Flip,45.97240000000000,49.78880000000000,33.41380000000000,0.00000000000000,12.52890000000000,12.41620000000000,0.00000000000000
mpc-hc64.exe,75360,0x0000000004F78900,DXGI,1,0,0,10.05760780000000,0.05150000000000,33.33810000000000,0,Hardware Composed: Independent Flip,62.44010000000000,66.40570000000001,49.95500000000001,0.00000000000000,12.63430000000000,12.25350000000000,0.00000000000000
mpc-hc64.exe,75360,0x0000000004F78900,DXGI,1,0,0,10.10754220000000,0.06550000000000,49.93440000000000,0,Hardware Composed: Independent Flip,45.98310000000000,49.77390000000000,33.30260000000000,0.00000000000000,12.50570000000000,12.34940000000000,0.00000000000000
mpc-hc64.exe,75360,0x0000000004F78900,DXGI,1,0,0,10.14090060000000,0.06080000000000,33.35840000000000,0,Hardware Composed: Independent Flip,62.57230000000001,66.44340000000000,50.02790000000000,0.00000000000000,12.62470000000000,12.38710000000000,0.00000000000000
mpc-hc64.exe,75360,0x0000000004F78900,DXGI,1,0,0,10.19089580000000,0.05750000000000,49.99520000000000,0,Hardware Composed: Independent Flip,46.14060000000000,49.75810000000000,33.30990000000000,0.00000000000000,12.57710000000000,12.53320000000000,0.00000000000000
mpc-hc64.exe,75360,0x0000000004F78900,DXGI,1,0,0,10.22422910000000,0.11540000000000,33.33330000000000,0,Hardware Composed: Independent Flip,62.70460000000001,66.44500000000001,50.02020000000000,0.00000000000000,12.80730000000000,12.48990000000000,0.00000000000000
mpc-hc64.exe,75360,0x0000000004F78900,DXGI,1,0,0,10.27419560000000,0.07290000000000,49.96650000000000,0,Hardware Composed: Independent Flip,46.48800000000000,49.79120000000000,33.31270000000000,0.00000000000000,12.73810000000000,12.77290000000000,0.00000000000000
mpc-hc64.exe,75360,0x0000000004F78900,DXGI,1,0,0,10.30759880000000,0.08260000000000,33.40320000000000,0,Hardware Composed: Independent Flip,63.18150000000000,66.40860000000001,50.02060000000000,0.00000000000000,13.08480000000000,12.98600000000000,0.00000000000000
mpc-hc64.exe,75360,0x0000000004F78900,DXGI,1,0,0,10.35752960000000,0.06760000000000,49.93080000000000,0,Hardware Composed: Independent Flip,46.58990000000000,49.78090000000000,33.30310000000000,0.00000000000000,13.25070000000000,13.00190000000000,0.00000000000000
mpc-hc64.exe,75360,0x0000000004F78900,DXGI,1,0,0,10.39084130000000,0.07070000000000,33.31170000000000,0,Hardware Composed: Independent Flip,63.18990000000000,66.49340000000001,50.02420000000000,0.00000000000000,13.27820000000000,12.85600000000000,0.00000000000000
mpc-hc64.exe,75360,0x0000000004F78900,DXGI,1,0,0,10.44088920000000,0.07620000000000,50.04790000000001,0,Hardware Composed: Independent Flip,46.54860000000000,49.82690000000000,33.38140000000000,0.00000000000000,13.14200000000000,12.84930000000000,0.00000000000000
mpc-hc64.exe,75360,0x0000000004F78900,DXGI,1,0,0,10.47427830000000,0.08050000000000,33.38910000000000,0,Hardware Composed: Independent Flip,63.06290000000001,66.39090000000000,49.95310000000000,0.00000000000000,13.15950000000000,12.82920000000000,0.00000000000000
mpc-hc64.exe,75360,0x0000000004F78900,DXGI,1,0,0,10.52425110000000,0.06350000000000,49.97280000000000,0,Hardware Composed: Independent Flip,46.65330000000000,49.73870000000000,33.32060000000000,0.00000000000000,13.09010000000000,13.00370000000000,0.00000000000000
mpc-hc64.exe,75360,0x0000000004F78900,DXGI,1,0,0,10.55754180000000,0.06660000000000,33.29070000000000,0,Hardware Composed: Independent Flip,62.96420000000001,66.44190000000000,49.99390000000000,0.00000000000000,13.36260000000000,12.71230000000000,0.00000000000000
mpc-hc64.exe,75360,0x0000000004F78900,DXGI,1,0,0,10.60759380000000,0.05150000000000,50.05200000000000,0,Hardware Composed: Independent Flip,46.60730000000000,49.78970000000000,33.39980000000000,0.00000000000000,12.91220000000000,13.01070000000000,0.00000000000000
mpc-hc64.exe,75360,0x0000000004F78900,DXGI,1,0,0,10.64089560000000,0.05620000000000,33.30180000000000,0,Hardware Composed: Independent Flip,63.24890000000001,66.51050000000001,50.02260000000000,0.00000000000000,13.30550000000000,12.95170000000000,0.00000000000000
mpc-hc64.exe,75360,0x0000000004F78900,DXGI,1,0,0,10.69094140000000,0.05400000000000,50.04580000000000,0,Hardware Composed: Independent Flip,46.33740000000000,49.73760000000000,33.27290000000000,0.00000000000000,13.20310000000000,12.86320000000000,0.00000000000000
mpc-hc64.exe,75360,0x0000000004F78900,DXGI,1,0,0,10.72420110000000,0.44950000000000,33.25970000000000,0,Hardware Composed: Independent Flip,63.15260000000000,66.44140000000000,49.96350000000000,0.00000000000000,13.07770000000000,12.86360000000000,0.00000000000000
mpc-hc64.exe,75360,0x0000000004F78900,DXGI,1,0,0,10.77429960000000,0.05870000000000,50.09850000000000,0,Hardware Composed: Independent Flip,46.50120000000000,49.75730000000000,33.41440000000000,0.00000000000000,13.05410000000000,12.93450000000000,0.00000000000000
mpc-hc64.exe,75360,0x0000000004F78900,DXGI,1,0,0,10.80758240000000,0.04680000000000,33.28280000000000,0,Hardware Composed: Independent Flip,63.22760000000000,66.50840000000001,50.03390000000000,0.00000000000000,13.21840000000000,13.03800000000000,0.00000000000000
mpc-hc64.exe,75360,0x0000000004F78900,DXGI,1,0,0,10.85755020000000,0.05400000000000,49.96780000000000,0,Hardware Composed: Independent Flip,46.76610000000000,49.83770000000001,33.29710000000000,0.00000000000000,13.25980000000000,13.12320000000000,0.00000000000000
mpc-hc64.exe,75360,0x0000000004F78900,DXGI,1,0,0,10.89095410000000,0.06060000000000,33.40390000000000,0,Hardware Composed: Independent Flip,63.04830000000000,66.43860000000001,50.00480000000000,0.00000000000000,13.36220000000000,12.83260000000000,0.00000000000000
mpc-hc64.exe,75360,0x0000000004F78900,DXGI,1,0,0,10.94095240000000,0.54840000000000,49.99830000000000,0,Hardware Composed: Independent Flip,46.62750000000000,49.70240000000000,33.26210000000000,0.00000000000000,13.05000000000000,13.07890000000000,0.00000000000000
mpc-hc64.exe,75360,0x0000000004F78900,DXGI,1,0,0,10.97424640000000,0.11040000000000,33.29400000000000,0,Hardware Composed: Independent Flip,63.34360000000000,66.39580000000001,49.98740000000000,0.00000000000000,13.33350000000000,12.95010000000000,0.00000000000000
mpc-hc64.exe,75360,0x0000000004F78900,DXGI,1,0,0,11.02429460000000,0.05660000000000,50.04820000000000,0,Hardware Composed: Independent Flip,46.24050000000000,49.75980000000001,33.41220000000000,0.00000000000000,13.29540000000000,12.87260000000000,0.00000000000000
mpc-hc64.exe,75360,0x0000000004F78900,DXGI,1,0,0,11.05750000000000,0.04620000000000,33.20540000000000,0,Hardware Composed: Independent Flip,63.50560000000000,66.55790000000000,50.00350000000000,0.00000000000000,13.03510000000000,13.07420000000000,0.00000000000000
mpc-hc64.exe,75360,0x0000000004F78900,DXGI,1,0,0,11.10767480000000,0.10080000000000,50.17480000000000,0,Hardware Composed: Independent Flip,46.49110000000000,49.63330000000001,33.25020000000000,0.00000000000000,13.33080000000000,13.01130000000000,0.00000000000000
mpc-hc64.exe,75360,0x0000000004F78900,DXGI,1,0,0,11.14095270000000,0.52660000000000,33.27790000000000,0,Hardware Composed: Independent Flip,63.51320000000000,66.37710000000000,50.02170000000000,0.00000000000000,13.21320000000000,13.22590000000000,0.00000000000000
mpc-hc64.exe,75360,0x0000000004F78900,DXGI,1,0,0,11.19097130000000,0.07200000000000,50.01860000000000,0,Hardware Composed: Independent Flip,46.62340000000000,49.70290000000000,33.34440000000000,0.00000000000000,13.49460000000000,13.02080000000000,0.00000000000000
mpc-hc64.exe,75360,0x0000000004F78900,DXGI,1,0,0,11.22423150000000,0.07130000000000,33.26020000000000,0,Hardware Composed: Independent Flip,63.48750000000000,66.43540000000000,49.99270000000000,0.00000000000000,13.36320000000000,13.16120000000000,0.00000000000000
mpc-hc64.exe,75360,0x0000000004F78900,DXGI,1,0,0,11.27426710000000,0.07620000000000,50.03560000000000,0,Hardware Composed: Independent Flip,46.59340000000000,49.72640000000001,33.32660000000000,0.00000000000000,13.45190000000000,13.05640000000000,0.00000000000000
mpc-hc64.exe,75360,0x0000000004F78900,DXGI,1,0,0,11.30755760000000,0.05520000000000,33.29050000000000,0,Hardware Composed: Independent Flip,63.39660000000001,66.42880000000001,49.99290000000001,0.00000000000000,13.30290000000000,13.08250000000000,0.00000000000000
mpc-hc64.exe,75360,0x0000000004F78900,DXGI,1,0,0,11.35763740000000,0.07070000000000,50.07980000000001,0,Hardware Composed: Independent Flip,46.80690000000000,49.67880000000000,33.32980000000000,0.00000000000000,13.31680000000000,13.25850000000000,0.00000000000000
mpc-hc64.exe,75360,0x0000000004F78900,DXGI,1,0,0,11.39089600000000,0.07130000000000,33.25860000000000,0,Hardware Composed: Independent Flip,63.48870000000000,66.43060000000000,50.01040000000000,0.00000000000000,13.54830000000000,13.24380000000000,0.00000000000000
mpc-hc64.exe,75360,0x0000000004F78900,DXGI,1,0,0,11.44087160000000,0.07350000000000,49.97560000000000,0,Hardware Composed: Independent Flip,46.81670000000000,49.78460000000000,33.32960000000000,0.00000000000000,13.51310000000000,13.29150000000000,0.00000000000000
mpc-hc64.exe,75360,0x0000000004F78900,DXGI,1,0,0,11.47414570000000,0.06860000000000,33.27410000000000,0,Hardware Composed: Independent Flip,64.12540000000000,66.52910000000000,50.01860000000000,0.00000000000000,13.54260000000000,13.62920000000000,0.00000000000000
mpc-hc64.exe,75360,0x0000000004F78900,DXGI,1,0,0,11.52434660000000,0.19430000000000,50.20090000000000,0,Hardware Composed: Independent Flip,46.94120000000000,49.66390000000001,33.33570000000000,0.00000000000000,13.92450000000000,13.39930000000000,0.00000000000000
mpc-hc64.exe,75360,0x0000000004F78900,DXGI,1,0,0,11.55759340000000,0.08690000000000,33.24680000000000,0,Hardware Composed: Independent Flip,63.67420000000001,66.46350000000000,50.04640000000001,0.00000000000000,13.69440000000000,13.42270000000000,0.00000000000000
mpc-hc64.exe,75360,0x0000000004F78900,DXGI,1,0,0,11.60759960000000,0.05920000000000,50.00620000000000,0,Hardware Composed: Independent Flip,47.24790000000000,49.79160000000000,33.33430000000000,0.00000000000000,13.66800000000000,13.63600000000000,0.00000000000000
mpc-hc64.exe,75360,0x0000000004F78900,DXGI,1,0,0,11.64099970000000,0.05430000000000,33.40010000000000,0,Hardware Composed: Independent Flip,63.63810000000000,66.31900000000000,49.92750000000000,0.00000000000000,13.84780000000000,13.46690000000000,0.00000000000000
mpc-hc64.exe,75360,0x0000000004F78900,DXGI,1,0,0,11.69088770000000,0.07670000000000,49.88800000000001,0,Hardware Composed: Independent Flip,47.28090000000000,49.75190000000000,33.32090000000000,0.00000000000000,13.75010000000000,13.76100000000000,0.00000000000000
mpc-hc64.exe,75360,0x0000000004F78900,DXGI,1,0,0,11.72418130000000,0.05390000000000,33.29360000000000,0,Hardware Composed: Independent Flip,64.03930000000000,66.54560000000001,50.08730000000000,0.00000000000000,13.98730000000000,13.79070000000000,0.00000000000000
mpc-hc64.exe,75360,0x0000000004F78900,DXGI,1,0,0,11.77420820000000,0.06350000000000,50.02690000000000,0,Hardware Composed: Independent Flip,47.17340000000000,49.84840000000001,33.32970000000000,0.00000000000000,14.01240000000000,13.50100000000000,0.00000000000000
mpc-hc64.exe,75360,0x0000000004F78900,DXGI,1,0,0,11.80763140000000,0.06380000000000,33.42320000000000,0,Hardware Composed: Independent Flip,63.79780000000000,66.42600000000000,50.00080000000001,0.00000000000000,13.75020000000000,13.51730000000000,0.00000000000000
mpc-hc64.exe,75360,0x0000000004F78900,DXGI,1,0,0,11.85765810000000,0.05230000000000,50.02670000000001,0,Hardware Composed: Independent Flip,47.14430000000000,49.66030000000000,33.26100000000000,0.00000000000000,13.77110000000000,13.68820000000000,0.00000000000000
mpc-hc64.exe,75360,0x0000000004F78900,DXGI,1,0,0,11.89089330000000,0.06790000000000,33.23520000000000,0,Hardware Composed: Independent Flip,63.67210000000000,66.46900000000001,50.04390000000000,0.00000000000000,13.90910000000000,13.48120000000000,0.00000000000000
mpc-hc64.exe,75360,0x0000000004F78900,DXGI,1,0,0,11.94091490000000,0.04840000000000,50.02160000000000,0,Hardware Composed: Independent Flip,47.15770000000001,49.75480000000000,33.30740000000000,0.00000000000000,13.65050000000000,13.47120000000000,0.00000000000000
mpc-hc64.exe,75360,0x0000000004F78900,DXGI,1,0,0,11.97432710000000,0.06890000000000,33.41220000000000,0,Hardware Composed: Independent Flip,63.81310000000001,66.34830000000001,50.00570000000000,0.00000000000000,13.74550000000000,13.57720000000000,0.00000000000000
mpc-hc64.exe,75360,0x0000000004F78900,DXGI,1,0,0,12.02430990000000,0.04850000000000,49.98280000000000,0,Hardware Composed: Independent Flip,46.97410000000000,49.66970000000000,33.30420000000000,0.00000000000000,13.83030000000000,13.54360000000000,0.00000000000000
mpc-hc64.exe,75360,0x0000000004F78900,DXGI,1,0,0,12.05753490000000,0.06030000000000,33.22500000000000,0,Hardware Composed: Independent Flip,64.36130000000000,66.48500000000000,50.04030000000000,0.00000000000000,13.74910000000000,13.88300000000000,0.00000000000000
mpc-hc64.exe,75360,0x0000000004F78900,DXGI,1,0,0,12.10776450000000,0.08160000000000,50.22960000000000,0,Hardware Composed: Independent Flip,47.09900000000000,49.62810000000000,33.37270000000000,0.00000000000000,14.13170000000000,13.71540000000000,0.00000000000000
mpc-hc64.exe,75360,0x0000000004F78900,DXGI,1,0,0,12.14088990000000,0.06020000000000,33.12540000000000,0,Hardware Composed: Independent Flip,63.99160000000001,66.42170000000000,49.91900000000000,0.00000000000000,13.97360000000000,13.77840000000000,0.00000000000000
mpc-hc64.exe,75360,0x0000000004F78900,DXGI,1,0,0,12.19085240000000,0.11040000000000,49.96250000000001,0,Hardware Composed: Independent Flip,47.33130000000000,49.79050000000000,33.33130000000000,0.00000000000000,14.02910000000000,13.70000000000000,0.00000000000000
mpc-hc64.exe,75360,0x0000000004F78900,DXGI,1,0,0,12.22430620000000,0.07150000000000,33.45380000000000,0,Hardware Composed: Independent Flip,64.16380000000001,66.35870000000000,50.02200000000001,0.00000000000000,13.87750000000000,13.94790000000000,0.00000000000000
mpc-hc64.exe,75360,0x0000000004F78900,DXGI,1,0,0,12.27425930000000,0.11430000000000,49.95310000000000,0,Hardware Composed: Independent Flip,47.35120000000001,49.72330000000000,33.31770000000000,0.00000000000000,14.21070000000000,13.81980000000000,0.00000000000000
mpc-hc64.exe,75360,0x0000000004F78900,DXGI,1,0,0,12.30754690000000,0.10200000000000,33.28760000000000,0,Hardware Composed: Independent Flip,64.32710000000000,66.47230000000000,50.03660000000000,0.00000000000000,14.06360000000000,13.90530000000000,0.00000000000000
mpc-hc64.exe,75360,0x0000000004F78900,DXGI,1,0,0,12.35763750000000,0.26800000000000,50.09060000000000,0,Hardware Composed: Independent Flip,47.60640000000000,49.69720000000000,33.31550000000000,0.00000000000000,14.23650000000000,14.07820000000000,0.00000000000000
mpc-hc64.exe,75360,0x0000000004F78900,DXGI,1,0,0,12.39088470000000,0.06790000000000,33.24720000000000,0,Hardware Composed: Independent Flip,64.13380000000001,66.42960000000001,49.97960000000000,0.00000000000000,14.35920000000000,13.94160000000000,0.00000000000000
mpc-hc64.exe,75360,0x0000000004F78900,DXGI,1,0,0,12.44085660000000,0.05320000000000,49.97190000000001,0,Hardware Composed: Independent Flip,47.89430000000000,49.78880000000000,33.33110000000000,0.00000000000000,14.16190000000000,14.24990000000000,0.00000000000000
mpc-hc64.exe,75360,0x0000000004F78900,DXGI,1,0,0,12.47428840000000,0.05310000000000,33.43180000000000,0,Hardware Composed: Independent Flip,64.40030000000000,66.35790000000000,50.00090000000000,0.00000000000000,14.46250000000000,14.16090000000000,0.00000000000000
mpc-hc64.exe,75360,0x0000000004F78900,DXGI,1,0,0,12.52455330000000,0.04970000000000,50.26490000000000,0,Hardware Composed: Independent Flip,47.35100000000000,49.50450000000000,33.41150000000000,0.00000000000000,14.13540000000000,14.00170000000000,0.00000000000000
mpc-hc64.exe,75360,0x0000000004F78900,DXGI,1,0,0,12.55761920000000,0.10100000000000,33.06590000000000,0,Hardware Composed: Independent Flip,64.15440000000001,66.44080000000001,50.00220000000000,0.00000000000000,14.28510000000000,13.96990000000000,0.00000000000000
mpc-hc64.exe,75360,0x0000000004F78900,DXGI,1,0,0,12.60753930000000,0.07090000000000,49.92010000000001,0,Hardware Composed: Independent Flip,48.02740000000000,49.77310000000000,33.25240000000000,0.00000000000000,14.23430000000000,14.33200000000000,0.00000000000000
mpc-hc64.exe,75360,0x0000000004F78900,DXGI,1,0,0,12.64093000000000,0.10170000000000,33.39070000000000,0,Hardware Composed: Independent Flip,64.43810000000001,66.47070000000001,50.08830000000000,0.00000000000000,14.63670000000000,14.04680000000000,0.00000000000000
mpc-hc64.exe,75360,0x0000000004F78900,DXGI,1,0,0,12.69098550000000,0.05780000000000,50.05550000000000,0,Hardware Composed: Independent Flip,47.90710000000000,49.67070000000000,33.25550000000000,0.00000000000000,14.38260000000000,14.38360000000000,0.00000000000000
mpc-hc64.exe,75360,0x0000000004F78900,DXGI,1,0,0,12.72429260000000,0.05160000000000,33.30710000000000,0,Hardware Composed: Independent Flip,64.22960000000000,66.40490000000000,50.04130000000000,0.00000000000000,14.60000000000000,14.02950000000000,0.00000000000000
mpc-hc64.exe,75360,0x0000000004F78900,DXGI,1,0,0,12.77424240000000,0.05420000000000,49.94980000000000,0,Hardware Composed: Independent Flip,47.65340000000000,49.82120000000000,33.36610000000000,0.00000000000000,14.27980000000000,13.97840000000000,0.00000000000000
mpc-hc64.exe,75360,0x0000000004F78900,DXGI,1,0,0,12.80772760000000,0.05050000000000,33.48520000000000,0,Hardware Composed: Independent Flip,64.17890000000000,66.27860000000000,49.94260000000001,0.00000000000000,14.16820000000000,14.08380000000000,0.00000000000000
mpc-hc64.exe,75360,0x0000000004F78900,DXGI,1,0,0,12.85759280000000,0.04350000000000,49.86520000000000,0,Hardware Composed: Independent Flip,47.62580000000001,49.80350000000000,33.39010000000000,0.00000000000000,14.31370000000000,14.07940000000000,0.00000000000000
mpc-hc64.exe,75360,0x0000000004F78900,DXGI,1,0,0,12.89090440000000,0.04980000000000,33.31160000000000,0,Hardware Composed: Independent Flip,64.53120000000000,66.49070000000000,49.99880000000000,0.00000000000000,14.31420000000000,14.25340000000000,0.00000000000000
mpc-hc64.exe,75360,0x0000000004F78900,DXGI,1,0,0,12.94095440000000,0.05760000000000,50.05000000000000,0,Hardware Composed: Independent Flip,47.64340000000000,49.77090000000000,33.33020000000000,0.00000000000000,14.48120000000000,14.04680000000000,0.00000000000000
mpc-hc64.exe,75360,0x0000000004F78900,DXGI,1,0,0,12.97426970000000,0.04720000000000,33.31530000000000,0,Hardware Composed: Independent Flip,64.22920000000001,66.42580000000001,49.97020000000001,0.00000000000000,14.32810000000000,14.01040000000000,0.00000000000000
mpc-hc64.exe,75360,0x0000000004F78900,DXGI,1,0,0,13.02420450000000,0.04910000000000,49.93480000000000,0,Hardware Composed: Independent Flip,47.57600000000000,49.85670000000000,33.36570000000000,0.00000000000000,14.29440000000000,13.87020000000000,0.00000000000000
mpc-hc64.exe,75360,0x0000000004F78900,DXGI,1,0,0,13.05761590000000,0.05160000000000,33.41140000000000,0,Hardware Composed: Independent Flip,64.28100000000001,66.44690000000000,50.00160000000000,0.00000000000000,14.16460000000000,14.06810000000000,0.00000000000000
mpc-hc64.exe,75360,0x0000000004F78900,DXGI,1,0,0,13.10762830000000,0.05300000000000,50.01240000000000,0,Hardware Composed: Independent Flip,47.64180000000000,49.68790000000000,33.25340000000000,0.00000000000000,14.26860000000000,14.21410000000000,0.00000000000000
mpc-hc64.exe,75360,0x0000000004F78900,DXGI,1,0,0,13.14086640000000,0.14430000000000,33.23810000000000,0,Hardware Composed: Independent Flip,64.58240000000001,66.44710000000001,49.99730000000000,0.00000000000000,14.40370000000000,14.31920000000000,0.00000000000000
mpc-hc64.exe,75360,0x0000000004F78900,DXGI,1,0,0,13.19087860000000,0.05220000000000,50.01220000000000,0,Hardware Composed: Independent Flip,47.66280000000000,49.76810000000000,33.33320000000001,0.00000000000000,14.57020000000000,14.00420000000000,0.00000000000000
mpc-hc64.exe,75360,0x0000000004F78900,DXGI,1,0,0,13.22432330000000,0.44740000000000,33.44470000000000,0,Hardware Composed: Independent Flip,64.03200000000000,66.35150000000000,50.02810000000000,0.00000000000000,14.21810000000000,13.96070000000000,0.00000000000000
mpc-hc64.exe,75360,0x0000000004F78900,DXGI,1,0,0,13.27416030000000,0.05640000000000,49.83700000000000,0,Hardware Composed: Independent Flip,48.04860000000000,49.82410000000000,33.30960000000000,0.00000000000000,14.19500000000000,14.40880000000000,0.00000000000000
mpc-hc64.exe,75360,0x0000000004F78900,DXGI,1,0,0,13.30753110000000,0.06090000000000,33.37080000000000,0,Hardware Composed: Independent Flip,65.12350000000001,66.45590000000000,50.00260000000000,0.00000000000000,14.67780000000000,14.72260000000000,0.00000000000000
mpc-hc64.exe,75360,0x0000000004F78900,DXGI,1,0,0,13.35762970000000,0.06370000000000,50.09860000000000,0,Hardware Composed: Independent Flip,47.53110000000000,49.79950000000000,33.44220000000000,0.00000000000000,15.02490000000000,14.12260000000000,0.00000000000000
mpc-hc64.exe,75360,0x0000000004F78900,DXGI,1,0,0,13.39085690000000,0.06640000000000,33.22720000000000,0,Hardware Composed: Independent Flip,64.63470000000001,66.46370000000000,49.89140000000000,0.00000000000000,14.30390000000000,14.23590000000000,0.00000000000000
mpc-hc64.exe,75360,0x0000000004F78900,DXGI,1,0,0,13.44098620000000,0.05030000000000,50.12930000000000,0,Hardware Composed: Independent Flip,47.97540000000000,49.67350000000000,33.33910000000000,0.00000000000000,14.50540000000000,14.42840000000000,0.00000000000000
mpc-hc64.exe,75360,0x0000000004F78900,DXGI,1,0,0,13.47427180000000,0.06360000000000,33.28560000000000,0,Hardware Composed: Independent Flip,64.79340000000001,66.37890000000000,49.99100000000000,0.00000000000000,14.68980000000000,14.50400000000000,0.00000000000000
mpc-hc64.exe,75360,0x0000000004F78900,DXGI,1,0,0,13.52428020000000,0.07970000000000,50.00840000000000,0,Hardware Composed: Independent Flip,47.63370000000000,49.73040000000000,33.35990000000000,0.00000000000000,14.78500000000000,14.17550000000000,0.00000000000000
mpc-hc64.exe,75360,0x0000000004F78900,DXGI,1,0,0,13.55749240000000,0.06980000000000,33.21220000000000,0,Hardware Composed: Independent Flip,64.41800000000001,66.57100000000000,50.05280000000000,0.00000000000000,14.42150000000000,14.08540000000000,0.00000000000000
mpc-hc64.exe,75360,0x0000000004F78900,DXGI,1,0,0,13.60755300000000,0.05360000000000,50.06060000000000,0,Hardware Composed: Independent Flip,47.92210000000000,49.81870000000000,33.30830000000000,0.00000000000000,14.35740000000000,14.37950000000000,0.00000000000000
mpc-hc64.exe,75360,0x0000000004F78900,DXGI,1,0,0,13.64084820000000,0.05350000000000,33.29520000000000,0,Hardware Composed: Independent Flip,64.51720000000000,66.48180000000001,49.95830000000000,0.00000000000000,14.62690000000000,14.31580000000000,0.00000000000000
mpc-hc64.exe,75360,0x0000000004F78900,DXGI,1,0,0,13.69081920000000,0.06100000000000,49.97100000000000,0,Hardware Composed: Independent Flip,53.99390000000000,66.50660000000001,49.99580000000000,0.00000000000000,14.54620000000000,14.33430000000000,0.00000000000000
mpc-hc64.exe,75360,0x0000000004F78900,DXGI,1,0,0,13.72425130000000,0.05230000000000,33.43210000000000,0,Hardware Composed: Independent Flip,64.51530000000000,66.50790000000001,33.43340000000000,0.00000000000000,20.56180000000000,14.33770000000000,0.00000000000000
mpc-hc64.exe,75360,0x0000000004F78900,DXGI,1,0,0,13.77419880000000,0.05870000000000,49.94750000000001,0,Hardware Composed: Independent Flip,48.25330000000000,49.86790000000001,33.30750000000000,0.00000000000000,14.56780000000000,14.59620000000000,0.00000000000000
mpc-hc64.exe,75360,0x0000000004F78900,DXGI,1,0,0,13.80763090000000,0.06400000000000,33.43210000000000,0,Hardware Composed: Independent Flip,64.48900000000000,66.43590000000000,50.00010000000000,0.00000000000000,14.82120000000000,14.38870000000000,0.00000000000000
mpc-hc64.exe,75360,0x0000000004F78900,DXGI,1,0,0,13.85752100000000,0.04300000000000,49.89010000000000,0,Hardware Composed: Independent Flip,48.07970000000000,49.84110000000000,33.29530000000000,0.00000000000000,14.59890000000000,14.45910000000000,0.00000000000000
mpc-hc64.exe,75360,0x0000000004F78900,DXGI,1,0,0,13.89091650000000,0.57560000000000,33.39550000000000,0,Hardware Composed: Independent Flip,64.61370000000001,66.48190000000001,50.03630000000000,0.00000000000000,14.68420000000000,14.36810000000000,0.00000000000000
mpc-hc64.exe,75360,0x0000000004F78900,DXGI,1,0,0,13.94089980000000,0.06410000000000,49.98330000000000,0,Hardware Composed: Independent Flip,48.12510000000000,49.75170000000000,33.25310000000000,0.00000000000000,14.63040000000000,14.59340000000000,0.00000000000000
mpc-hc64.exe,75360,0x0000000004F78900,DXGI,1,0,0,13.97466940000000,0.04770000000000,33.76960000000000,0,Hardware Composed: Independent Flip,64.39130000000000,65.98060000000001,49.99850000000000,0.00000000000000,14.35550000000000,14.52620000000000,0.00000000000000
mpc-hc64.exe,75360,0x0000000004F78900,DXGI,1,0,0,14.02432760000000,0.05080000000000,49.65820000000000,0,Hardware Composed: Independent Flip,47.88800000000001,49.73820000000000,33.41580000000000,0.00000000000000,14.73310000000000,14.40050000000000,0.00000000000000
mpc-hc64.exe,75360,0x0000000004F78900,DXGI,1,0,0,14.05759150000000,0.05240000000000,33.26390000000000,0,Hardware Composed: Independent Flip,64.67890000000000,66.47490000000001,50.00060000000001,0.00000000000000,14.62410000000000,14.36460000000000,0.00000000000000
mpc-hc64.exe,75360,0x0000000004F78900,DXGI,1,0,0,14.10766230000000,0.10680000000000,50.07080000000001,0,Hardware Composed: Independent Flip,48.07950000000000,49.67970000000000,33.27560000000000,0.00000000000000,14.60810000000000,14.61200000000000,0.00000000000000
mpc-hc64.exe,75360,0x0000000004F78900,DXGI,1,0,0,14.14088740000000,0.05320000000000,33.22510000000000,0,Hardware Composed: Independent Flip,64.50020000000001,66.43860000000001,49.98400000000000,0.00000000000000,14.85440000000000,14.34740000000000,0.00000000000000
mpc-hc64.exe,75360,0x0000000004F78900,DXGI,1,0,0,14.19082040000000,0.06230000000000,49.93300000000000,0,Hardware Composed: Independent Flip,47.94020000000000,49.83460000000000,33.32900000000000,0.00000000000000,14.56720000000000,14.34210000000000,0.00000000000000
mpc-hc64.exe,75360,0x0000000004F78900,DXGI,1,0,0,14.22413920000000,0.08420000000000,33.31880000000000,0,Hardware Composed: Independent Flip,64.67030000000000,66.52250000000001,50.00670000000000,0.00000000000000,14.62140000000000,14.26230000000000,0.00000000000000
mpc-hc64.exe,75360,0x0000000004F78900,DXGI,1,0,0,14.27437000000000,0.05750000000000,50.23080000000000,0,Hardware Composed: Independent Flip,48.16550000000000,49.64340000000000,33.35170000000000,0.00000000000000,14.43950000000000,14.80280000000000,0.00000000000000
mpc-hc64.exe,75360,0x0000000004F78900,DXGI,1,0,0,14.30747920000000,0.07730000000000,33.10920000000000,0,Hardware Composed: Independent Flip,65.40320000000000,66.50840000000001,49.97420000000000,0.00000000000000,15.05630000000000,15.07310000000000,0.00000000000000
mpc-hc64.exe,75360,0x0000000004F78900,DXGI,1,0,0,14.35753200000000,0.06210000000000,50.05280000000000,0,Hardware Composed: Independent Flip,48.01550000000000,49.79710000000000,33.34150000000000,0.00000000000000,15.35040000000000,14.35750000000000,0.00000000000000
mpc-hc64.exe,75360,0x0000000004F78900,DXGI,1,0,0,14.39089190000000,0.07560000000000,33.35990000000000,0,Hardware Composed: Independent Flip,64.88810000000001,66.46320000000000,50.02600000000000,0.00000000000000,14.65560000000000,14.60580000000000,0.00000000000000
mpc-hc64.exe,75360,0x0000000004F78900,DXGI,1,0,0,14.44093550000000,0.06290000000000,50.04360000000000,0,Hardware Composed: Independent Flip,48.32580000000000,49.71990000000000,33.30030000000000,0.00000000000000,14.84450000000000,14.74270000000000,0.00000000000000
mpc-hc64.exe,75360,0x0000000004F78900,DXGI,1,0,0,14.47424160000000,0.06690000000000,33.30610000000000,0,Hardware Composed: Independent Flip,64.68400000000000,66.41200000000001,49.99820000000000,0.00000000000000,15.01970000000000,14.48200000000000,0.00000000000000
mpc-hc64.exe,75360,0x0000000004F78900,DXGI,1,0,0,14.52418490000000,0.06270000000000,49.94330000000000,0,Hardware Composed: Independent Flip,48.26520000000000,49.88400000000000,33.41530000000000,0.00000000000000,14.74070000000000,14.65060000000000,0.00000000000000
mpc-hc64.exe,75360,0x0000000004F78900,DXGI,1,0,0,14.55759890000000,0.05400000000000,33.41400000000000,0,Hardware Composed: Independent Flip,64.98170000000000,66.42560000000000,49.95560000000000,0.00000000000000,14.85120000000000,14.77130000000000,0.00000000000000
mpc-hc64.exe,75360,0x0000000004F78900,DXGI,1,0,0,14.60760240000000,0.05010000000000,50.00350000000000,0,Hardware Composed: Independent Flip,48.35180000000000,49.79960000000001,33.37750000000000,0.00000000000000,14.97820000000000,14.85980000000000,0.00000000000000
mpc-hc64.exe,75360,0x0000000004F78900,DXGI,1,0,0,14.64085410000000,0.05810000000000,33.25170000000000,0,Hardware Composed: Independent Flip,64.85970000000000,66.48120000000000,49.93330000000000,0.00000000000000,15.10010000000000,14.64630000000000,0.00000000000000
mpc-hc64.exe,75360,0x0000000004F78900,DXGI,1,0,0,14.69080700000000,0.06930000000000,49.95290000000000,0,Hardware Composed: Independent Flip,52.52190000000000,66.52010000000000,49.99180000000000,0.00000000000000,14.90680000000000,13.92110000000000,0.00000000000000
mpc-hc64.exe,75360,0x0000000004F78900,DXGI,1,0,0,14.72417970000000,0.11890000000000,33.37270000000000,0,Hardware Composed: Independent Flip,65.05500000000001,66.53160000000000,33.38420000000000,0.00000000000000,19.14920000000000,14.65230000000000,0.00000000000000
mpc-hc64.exe,75360,0x0000000004F78900,DXGI,1,0,0,14.77431940000000,0.05470000000000,50.13970000000000,0,Hardware Composed: Independent Flip,48.30390000000001,49.74620000000000,33.35430000000000,0.00000000000000,14.91530000000000,14.76750000000000,0.00000000000000
mpc-hc64.exe,75360,0x0000000004F78900,DXGI,1,0,0,14.80762360000000,0.05330000000000,33.30420000000000,0,Hardware Composed: Independent Flip,65.03220000000000,66.36810000000000,49.92610000000001,0.00000000000000,14.99970000000000,14.61090000000000,0.00000000000000
mpc-hc64.exe,75360,0x0000000004F78900,DXGI,1,0,0,14.85783380000000,0.06270000000000,50.21020000000000,0,Hardware Composed: Independent Flip,47.81290000000000,49.48800000000000,33.33010000000000,0.00000000000000,14.82200000000000,14.54450000000000,0.00000000000000
mpc-hc64.exe,75360,0x0000000004F78900,DXGI,1,0,0,14.89088090000000,0.05290000000000,33.04710000000000,0,Hardware Composed: Independent Flip,64.76880000000000,66.43900000000001,49.99810000000000,0.00000000000000,14.76580000000000,14.48680000000000,0.00000000000000
mpc-hc64.exe,75360,0x0000000004F78900,DXGI,1,0,0,14.94089250000000,0.06160000000000,50.01160000000000,0,Hardware Composed: Independent Flip,48.28540000000000,49.80330000000000,33.37590000000000,0.00000000000000,14.75720000000000,14.60280000000000,0.00000000000000
mpc-hc64.exe,75360,0x0000000004F78900,DXGI,1,0,0,14.97429250000000,0.06200000000000,33.40000000000000,0,Hardware Composed: Independent Flip,65.00320000000001,66.38610000000000,49.98280000000000,0.00000000000000,14.88540000000000,14.66140000000000,0.00000000000000
mpc-hc64.exe,75360,0x0000000004F78900,DXGI,1,0,0,15.02437040000000,0.06930000000000,50.07790000000000,0,Hardware Composed: Independent Flip,47.97640000000001,49.67790000000000,33.36970000000000,0.00000000000000,14.92530000000000,14.41890000000000,0.00000000000000
mpc-hc64.exe,75360,0x0000000004F78900,DXGI,1,0,0,15.05767710000000,0.12730000000000,33.30670000000000,0,Hardware Composed: Independent Flip,64.60270000000000,66.34150000000000,49.97030000000000,0.00000000000000,14.66970000000000,14.55130000000000,0.00000000000000
mpc-hc64.exe,75360,0x0000000004F78900,DXGI,1,0,0,15.10746330000000,0.09350000000000,49.78620000000000,0,Hardware Composed: Independent Flip,48.35290000000001,49.93690000000000,33.38160000000000,0.00000000000000,14.81650000000000,14.83160000000000,0.00000000000000
mpc-hc64.exe,75360,0x0000000004F78900,DXGI,1,0,0,15.14081000000000,0.04680000000000,33.34670000000000,0,Hardware Composed: Independent Flip,65.10150000000000,66.51320000000000,49.92300000000000,0.00000000000000,15.00620000000000,14.79960000000000,0.00000000000000
mpc-hc64.exe,75360,0x0000000004F78900,DXGI,1,0,0,15.19089300000000,0.05650000000000,50.08300000000001,0,Hardware Composed: Independent Flip,48.20030000000001,49.79920000000000,33.36900000000000,0.00000000000000,15.01850000000000,14.58710000000000,0.00000000000000
mpc-hc64.exe,75360,0x0000000004F78900,DXGI,1,0,0,15.22428600000000,0.05020000000000,33.39300000000000,0,Hardware Composed: Independent Flip,64.80120000000001,66.43260000000001,50.02640000000000,0.00000000000000,14.80730000000000,14.53710000000000,0.00000000000000
mpc-hc64.exe,75360,0x0000000004F78900,DXGI,1,0,0,15.27428980000000,0.06550000000000,50.00380000000001,0,Hardware Composed: Independent Flip,48.89130000000000,49.70920000000000,33.28040000000000,0.00000000000000,14.79740000000000,15.14640000000000,0.00000000000000
mpc-hc64.exe,75360,0x0000000004F78900,DXGI,1,0,0,15.30772470000000,0.07300000000000,33.43490000000000,0,Hardware Composed: Independent Flip,65.52870000000000,66.33410000000001,50.05980000000000,0.00000000000000,15.45640000000000,15.04160000000000,0.00000000000000
mpc-hc64.exe,75360,0x0000000004F78900,DXGI,1,0,0,15.35777120000000,0.09770000000000,50.04650000000000,0,Hardware Composed: Independent Flip,48.48350000000000,49.63280000000000,33.34520000000000,0.00000000000000,15.48220000000000,15.03840000000000,0.00000000000000
mpc-hc64.exe,75360,0x0000000004F78900,DXGI,1,0,0,15.39089400000000,0.07610000000000,33.12280000000001,0,Hardware Composed: Independent Flip,65.07070000000000,66.50570000000000,49.99570000000000,0.00000000000000,15.36070000000000,14.88300000000000,0.00000000000000
mpc-hc64.exe,75360,0x0000000004F78900,DXGI,1,0,0,15.44090140000000,0.05710000000000,50.00740000000000,0,Hardware Composed: Independent Flip,48.51220000000000,49.78190000000000,33.28360000000000,0.00000000000000,15.06330000000000,14.90660000000000,0.00000000000000
mpc-hc64.exe,75360,0x0000000004F78900,DXGI,1,0,0,15.47428890000000,0.05160000000000,33.38750000000000,0,Hardware Composed: Independent Flip,64.90050000000001,66.45440000000001,50.06000000000000,0.00000000000000,15.12470000000000,14.77950000000000,0.00000000000000
mpc-hc64.exe,75360,0x0000000004F78900,DXGI,1,0,0,15.52415440000000,0.05800000000000,49.86550000000000,0,Hardware Composed: Independent Flip,48.70250000000000,49.90970000000000,33.32080000000000,0.00000000000000,15.03500000000000,14.95920000000000,0.00000000000000
mpc-hc64.exe,75360,0x0000000004F78900,DXGI,1,0,0,15.55766750000000,0.06260000000000,33.51310000000000,0,Hardware Composed: Independent Flip,65.35070000000000,66.39830000000001,50.00170000000000,0.00000000000000,15.18940000000000,15.16940000000000,0.00000000000000
mpc-hc64.exe,75360,0x0000000004F78900,DXGI,1,0,0,15.60759150000000,0.48570000000000,49.92400000000000,0,Hardware Composed: Independent Flip,48.59820000000001,49.80780000000000,33.33350000000000,0.00000000000000,15.42670000000000,14.88630000000000,0.00000000000000
mpc-hc64.exe,75360,0x0000000004F78900,DXGI,1,0,0,15.64103890000000,0.05700000000000,33.44740000000000,0,Hardware Composed: Independent Flip,65.25130000000000,66.33880000000001,49.97840000000000,0.00000000000000,15.15080000000000,14.98020000000000,0.00000000000000
mpc-hc64.exe,75360,0x0000000004F78900,DXGI,1,0,0,15.69101470000000,0.52170000000000,49.97580000000000,0,Hardware Composed: Independent Flip,48.43310000000000,49.65530000000000,33.29230000000000,0.00000000000000,15.27550000000000,14.88770000000000,0.00000000000000
mpc-hc64.exe,75360,0x0000000004F78900,DXGI,1,0,0,15.72434050000000,0.05690000000000,33.32580000000000,0,Hardware Composed: Independent Flip,65.58780000000000,66.33610000000000,50.00660000000001,0.00000000000000,15.10730000000000,15.16320000000000,0.00000000000000
mpc-hc64.exe,75360,0x0000000004F78900,DXGI,1,0,0,15.77437440000000,0.07400000000000,50.03390000000000,0,Hardware Composed: Independent Flip,48.34950000000000,49.67590000000001,33.37370000000000,0.00000000000000,15.55390000000000,14.76950000000000,0.00000000000000
mpc-hc64.exe,75360,0x0000000004F78900,DXGI,1,0,0,15.80759540000000,0.05950000000000,33.22100000000000,0,Hardware Composed: Independent Flip,64.94840000000001,66.39410000000001,49.93920000000000,0.00000000000000,15.12850000000000,14.79550000000000,0.00000000000000
mpc-hc64.exe,75360,0x0000000004F78900,DXGI,1,0,0,15.85748660000000,0.10870000000000,49.89120000000000,0,Hardware Composed: Independent Flip,48.46280000000000,49.91500000000000,33.41210000000000,0.00000000000000,15.05720000000000,14.78550000000000,0.00000000000000
mpc-hc64.exe,75360,0x0000000004F78900,DXGI,1,0,0,15.89092250000000,0.05580000000000,33.43590000000000,0,Hardware Composed: Independent Flip,65.01420000000000,66.51110000000000,50.03200000000000,0.00000000000000,15.02690000000000,14.86020000000000,0.00000000000000
mpc-hc64.exe,75360,0x0000000004F78900,DXGI,1,0,0,15.94083440000000,0.05760000000000,49.91190000000000,0,Hardware Composed: Independent Flip,48.64330000000000,49.81990000000000,33.22070000000000,0.00000000000000,15.10230000000000,14.89350000000000,0.00000000000000
