# frame,qpc_ms,dt_ms,buf_idx,sync_req,flags_req,sync_used,copy11_us,copy12_us,presentCount,refreshCount,syncRefreshCount,hr
1,192038709.433,0.000,0,1,0x00000000,1,488.1,3084.2,0,0,0,0x00000000
2,192038755.988,46.555,1,1,0x00000000,1,342.1,744.6,0,0,0,0x00000000
3,192038760.852,4.864,2,1,0x00000000,1,246.4,880.3,0,0,0,0x00000000
4,192038763.413,2.561,3,1,0x00000000,1,234.7,691.8,0,0,0,0x00000000
5,192038767.346,3.933,0,1,0x00000000,1,102.2,860.7,0,0,0,0x00000000
6,192038782.980,15.634,1,1,0x00000000,1,134.7,819.3,0,0,0,0x00000000
7,192038800.729,17.749,2,1,0x00000000,1,127.1,910.0,0,0,0,0x00000000
8,192038818.026,17.296,3,1,0x00000000,1,131.5,868.8,0,0,0,0x00000000
9,192038833.425,15.399,0,1,0x00000000,1,104.5,848.6,0,0,0,0x00000000
10,192038851.408,17.982,1,1,0x00000000,1,141.0,980.2,0,0,0,0x00000000
11,192038866.178,14.771,2,1,0x00000000,1,111.9,477.9,0,0,0,0x00000000
12,192038883.334,17.155,3,1,0x00000000,1,138.4,365.7,0,0,0,0x00000000
13,192038899.505,16.172,0,1,0x00000000,1,114.3,310.5,0,0,0,0x00000000
14,192038917.240,17.735,1,1,0x00000000,1,102.6,340.0,0,0,0,0x00000000
15,192038934.315,17.075,2,1,0x00000000,1,366.2,336.4,0,0,0,0x00000000
16,192038949.853,15.537,3,1,0x00000000,1,102.1,310.0,0,0,0,0x00000000
17,192038966.630,16.778,0,1,0x00000000,1,122.6,335.1,0,0,0,0x00000000
18,192038984.122,17.491,1,1,0x00000000,1,103.9,307.6,0,0,0,0x00000000
19,192039000.952,16.830,2,1,0x00000000,1,135.6,291.5,0,0,0,0x00000000
20,192039017.681,16.729,3,1,0x00000000,1,278.5,307.0,0,0,0,0x00000000
21,192039033.421,15.740,0,1,0x00000000,1,104.0,299.5,0,0,0,0x00000000
22,192039050.551,17.129,1,1,0x00000000,1,147.6,478.1,0,0,0,0x00000000
23,192039066.389,15.838,2,1,0x00000000,1,125.3,310.1,0,0,0,0x00000000
24,192039083.548,17.159,3,1,0x00000000,1,202.6,358.9,0,0,0,0x00000000
25,192039099.324,15.776,0,1,0x00000000,1,194.6,479.1,0,0,0,0x00000000
26,192039116.652,17.328,1,1,0x00000000,1,195.7,336.3,0,0,0,0x00000000
27,192039132.497,15.845,2,1,0x00000000,1,109.0,343.1,0,0,0,0x00000000
28,192039150.000,17.504,3,1,0x00000000,1,96.0,307.6,0,0,0,0x00000000
29,192039166.828,16.827,0,1,0x00000000,1,100.9,328.7,0,0,0,0x00000000
30,192039184.247,17.419,1,1,0x00000000,1,395.5,324.6,0,0,0,0x00000000
31,192039200.347,16.100,2,1,0x00000000,1,188.4,373.3,0,0,0,0x00000000
32,192039216.608,16.261,3,1,0x00000000,1,203.5,322.9,0,0,0,0x00000000
33,192039233.623,17.015,0,1,0x00000000,1,200.7,316.7,0,0,0,0x00000000
34,192039250.373,16.749,1,1,0x00000000,1,198.8,330.2,0,0,0,0x00000000
35,192039267.664,17.291,2,1,0x00000000,1,203.0,871.4,0,0,0,0x00000000
36,192039282.530,14.866,3,1,0x00000000,1,204.2,303.7,0,0,0,0x00000000
37,192039300.770,18.240,0,1,0x00000000,1,202.8,362.4,0,0,0,0x00000000
38,192039316.596,15.826,1,1,0x00000000,1,219.9,309.9,0,0,0,0x00000000
39,192039332.367,15.771,2,1,0x00000000,1,196.3,313.9,0,0,0,0x00000000
40,192039349.674,17.307,3,1,0x00000000,1,263.0,393.2,0,0,0,0x00000000
41,192039366.867,17.193,0,0,0x00000000,0,197.8,328.1,0,0,0,0x00000000
42,192039384.438,17.571,1,0,0x00000000,0,204.2,352.9,0,0,0,0x00000000
43,192039400.420,15.983,2,0,0x00000000,0,200.7,323.8,0,0,0,0x00000000
44,192039419.197,18.777,3,0,0x00000000,0,221.2,364.7,0,0,0,0x00000000
45,192039434.427,15.229,0,0,0x00000000,0,772.6,302.6,0,0,0,0x00000000
46,192039450.349,15.922,1,0,0x00000000,0,199.8,323.4,0,0,0,0x00000000
47,192039467.862,17.513,2,0,0x00000000,0,242.8,444.8,0,0,0,0x00000000
48,192039484.227,16.365,3,0,0x00000000,0,201.2,327.2,0,0,0,0x00000000
49,192039500.793,16.566,0,0,0x00000000,0,198.4,320.5,0,0,0,0x00000000
50,192039518.473,17.680,1,0,0x00000000,0,200.2,300.9,0,0,0,0x00000000
51,192039534.422,15.950,2,0,0x00000000,0,177.8,331.3,0,0,0,0x00000000
52,192039551.592,17.169,3,0,0x00000000,0,199.2,545.5,0,0,0,0x00000000
53,192039567.652,16.060,0,0,0x00000000,0,205.0,312.4,0,0,0,0x00000000
54,192039585.500,17.849,1,0,0x00000000,0,206.8,328.1,0,0,0,0x00000000
55,192039600.845,15.345,2,0,0x00000000,0,226.7,310.5,0,0,0,0x00000000
56,192039617.622,16.777,3,0,0x00000000,0,198.6,312.4,0,0,0,0x00000000
57,192039635.465,17.843,0,0,0x00000000,0,248.9,666.6,0,0,0,0x00000000
58,192039650.326,14.861,1,0,0x00000000,0,166.2,354.9,0,0,0,0x00000000
59,192039670.721,20.395,2,0,0x00000000,0,195.9,385.1,0,0,0,0x00000000
60,192039684.737,14.015,3,0,0x00000000,0,203.5,323.3,0,0,0,0x00000000
61,192039701.771,17.034,0,0,0x00000000,0,203.2,314.4,0,0,0,0x00000000
62,192039719.096,17.326,1,0,0x00000000,0,524.2,614.8,0,0,0,0x00000000
63,192039733.891,14.795,2,0,0x00000000,0,201.3,359.3,0,0,0,0x00000000
64,192039750.454,16.562,3,0,0x00000000,0,196.3,323.5,0,0,0,0x00000000
65,192039768.280,17.826,0,0,0x00000000,0,204.1,324.6,0,0,0,0x00000000
66,192039784.829,16.548,1,0,0x00000000,0,198.4,328.3,0,0,0,0x00000000
67,192039800.558,15.729,2,0,0x00000000,0,199.0,501.2,0,0,0,0x00000000
68,192039818.315,17.757,3,0,0x00000000,0,198.8,320.5,0,0,0,0x00000000
69,192039834.740,16.426,0,0,0x00000000,0,192.3,317.7,0,0,0,0x00000000
70,192039851.251,16.511,1,0,0x00000000,0,199.9,308.6,0,0,0,0x00000000
71,192039867.111,15.860,2,0,0x00000000,0,206.0,319.1,0,0,0,0x00000000
72,192039884.500,17.388,3,0,0x00000000,0,196.2,344.4,0,0,0,0x00000000
73,192039900.629,16.129,0,0,0x00000000,0,201.8,341.1,0,0,0,0x00000000
74,192039917.520,16.892,1,0,0x00000000,0,199.7,351.4,0,0,0,0x00000000
75,192039934.365,16.844,2,0,0x00000000,0,202.3,312.4,0,0,0,0x00000000
76,192039951.913,17.548,3,0,0x00000000,0,197.9,319.1,0,0,0,0x00000000
77,192039968.768,16.855,0,0,0x00000000,0,200.7,524.7,0,0,0,0x00000000
78,192039983.457,14.689,1,0,0x00000000,0,204.1,317.5,0,0,0,0x00000000
79,192040001.649,18.192,2,0,0x00000000,0,201.4,383.7,0,0,0,0x00000000
80,192040018.173,16.524,3,0,0x00000000,0,199.6,307.1,0,0,0,0x00000000
81,192040033.609,15.436,0,1,0x00000200,1,198.8,297.4,0,0,0,0x00000000
82,192040052.127,18.518,1,1,0x00000200,1,192.1,863.2,0,0,0,0x00000000
83,192040067.619,15.492,2,1,0x00000200,1,203.0,312.0,0,0,0,0x00000000
84,192040083.888,16.269,3,1,0x00000200,1,197.7,316.1,0,0,0,0x00000000
85,192040101.101,17.213,0,1,0x00000200,1,203.9,513.6,0,0,0,0x00000000
86,192040118.439,17.338,1,1,0x00000200,1,198.2,326.5,0,0,0,0x00000000
87,192040134.366,15.928,2,1,0x00000200,1,200.4,359.4,0,0,0,0x00000000
88,192040150.472,16.106,3,1,0x00000200,1,200.4,307.6,0,0,0,0x00000000
89,192040167.058,16.586,0,1,0x00000200,1,198.7,327.2,0,0,0,0x00000000
90,192040184.038,16.980,1,1,0x00000200,1,220.0,514.9,0,0,0,0x00000000
91,192040201.444,17.405,2,1,0x00000200,1,198.9,314.5,0,0,0,0x00000000
92,192040218.167,16.724,3,1,0x00000200,1,195.3,530.7,0,0,0,0x00000000
93,192040234.475,16.308,0,1,0x00000200,1,201.6,324.1,0,0,0,0x00000000
94,192040250.384,15.909,1,1,0x00000200,1,197.9,324.4,0,0,0,0x00000000
95,192040268.102,17.718,2,1,0x00000200,1,356.8,382.0,0,0,0,0x00000000
96,192040284.396,16.294,3,1,0x00000200,1,199.3,330.3,0,0,0,0x00000000
97,192040301.025,16.629,0,1,0x00000200,1,207.0,390.5,0,0,0,0x00000000
98,192040317.468,16.443,1,1,0x00000200,1,200.8,326.5,0,0,0,0x00000000
99,192040333.930,16.461,2,1,0x00000200,1,201.7,338.3,0,0,0,0x00000000
100,192040351.582,17.652,3,1,0x00000200,1,200.0,322.8,0,0,0,0x00000000
101,192040367.877,16.296,0,1,0x00000200,1,199.3,298.6,0,0,0,0x00000000
102,192040385.508,17.631,1,1,0x00000200,1,202.4,511.9,0,0,0,0x00000000
103,192040400.793,15.285,2,1,0x00000200,1,199.5,310.5,0,0,0,0x00000000
104,192040417.539,16.746,3,1,0x00000200,1,199.3,322.8,0,0,0,0x00000000
105,192040435.333,17.793,0,1,0x00000200,1,198.3,314.6,0,0,0,0x00000000
106,192040452.283,16.950,1,1,0x00000200,1,187.5,309.8,0,0,0,0x00000000
107,192040468.072,15.790,2,1,0x00000200,1,200.3,378.7,0,0,0,0x00000000
108,192040485.436,17.364,3,1,0x00000200,1,204.1,320.8,0,0,0,0x00000000
109,192040501.395,15.959,0,1,0x00000200,1,198.5,355.4,0,0,0,0x00000000
110,192040518.221,16.826,1,1,0x00000200,1,420.3,330.1,0,0,0,0x00000000
111,192040535.336,17.115,2,1,0x00000200,1,197.8,377.4,0,0,0,0x00000000
112,192040552.096,16.760,3,1,0x00000200,1,198.1,709.6,0,0,0,0x00000000
113,192040568.242,16.146,0,1,0x00000200,1,194.5,334.2,0,0,0,0x00000000
114,192040585.316,17.074,1,1,0x00000200,1,186.5,377.2,0,0,0,0x00000000
115,192040601.426,16.110,2,1,0x00000200,1,203.8,325.9,0,0,0,0x00000000
116,192040617.505,16.078,3,1,0x00000200,1,199.3,325.0,0,0,0,0x00000000
117,192040636.315,18.810,0,1,0x00000200,1,805.2,372.1,0,0,0,0x00000000
118,192040651.728,15.413,1,1,0x00000200,1,192.4,302.1,0,0,0,0x00000000
119,192040667.856,16.128,2,1,0x00000200,1,194.6,327.9,0,0,0,0x00000000
120,192040685.141,17.285,3,1,0x00000200,1,201.5,320.9,0,0,0,0x00000000
121,192040702.530,17.389,0,0,0x00000200,0,197.6,339.5,0,0,0,0x00000000
122,192040744.695,42.165,1,0,0x00000200,0,200.4,329.0,0,0,0,0x00000000
123,192040786.173,41.477,2,0,0x00000200,0,199.2,336.8,0,0,0,0x00000000
124,192040828.477,42.304,3,0,0x00000200,0,295.5,335.7,0,0,0,0x00000000
125,192040869.856,41.380,0,0,0x00000200,0,198.7,389.6,0,0,0,0x00000000
126,192040911.675,41.819,1,0,0x00000200,0,195.3,326.7,0,0,0,0x00000000
127,192040953.546,41.871,2,0,0x00000200,0,192.4,362.6,0,0,0,0x00000000
128,192040995.436,41.890,3,0,0x00000200,0,199.3,369.8,0,0,0,0x00000000
129,192041038.993,43.556,0,0,0x00000200,0,279.4,389.6,0,0,0,0x00000000
130,192041078.838,39.845,1,0,0x00000200,0,139.7,364.8,0,0,0,0x00000000
131,192041121.194,42.357,2,0,0x00000200,0,203.6,393.2,0,0,0,0x00000000
132,192041163.030,41.836,3,0,0x00000200,0,130.2,567.8,0,0,0,0x00000000
133,192041203.626,40.595,0,0,0x00000200,0,209.4,372.4,0,0,0,0x00000000
134,192041245.607,41.982,1,0,0x00000200,0,421.2,502.5,0,0,0,0x00000000
135,192041286.898,41.291,2,0,0x00000200,0,199.9,504.2,0,0,0,0x00000000
136,192041328.331,41.433,3,0,0x00000200,0,201.4,491.6,0,0,0,0x00000000
137,192041370.977,42.646,0,0,0x00000200,0,133.5,506.6,0,0,0,0x00000000
138,192041411.956,40.978,1,0,0x00000200,0,282.9,448.6,0,0,0,0x00000000
139,192041453.843,41.887,2,0,0x00000200,0,270.3,356.2,0,0,0,0x00000000
140,192041496.004,42.161,3,0,0x00000200,0,205.4,518.8,0,0,0,0x00000000
141,192041536.912,40.909,0,0,0x00000200,0,196.1,426.8,0,0,0,0x00000000
142,192041579.329,42.417,1,0,0x00000200,0,139.7,679.9,0,0,0,0x00000000
143,192041620.199,40.870,2,0,0x00000200,0,200.5,351.9,0,0,0,0x00000000
144,192041663.634,43.434,3,0,0x00000200,0,214.4,758.8,0,0,0,0x00000000
145,192041703.640,40.006,0,0,0x00000200,0,196.5,342.8,0,0,0,0x00000000
146,192041744.446,40.807,1,0,0x00000200,0,200.3,341.3,0,0,0,0x00000000
147,192041787.285,42.839,2,0,0x00000200,0,200.4,320.2,0,0,0,0x00000000
148,192041828.230,40.945,3,0,0x00000200,0,203.5,340.8,0,0,0,0x00000000
149,192041869.822,41.592,0,0,0x00000200,0,200.2,360.1,0,0,0,0x00000000
150,192041912.149,42.327,1,0,0x00000200,0,241.8,405.3,0,0,0,0x00000000
151,192041953.564,41.415,2,0,0x00000200,0,204.7,377.2,0,0,0,0x00000000
152,192041995.424,41.860,3,0,0x00000200,0,252.7,415.9,0,0,0,0x00000000
153,192042037.976,42.553,0,0,0x00000200,0,217.7,630.1,0,0,0,0x00000000
154,192042079.130,41.153,1,0,0x00000200,0,210.8,436.2,0,0,0,0x00000000
155,192042119.138,40.008,2,0,0x00000200,0,204.6,335.2,0,0,0,0x00000000
156,192042161.951,42.814,3,0,0x00000200,0,203.1,447.7,0,0,0,0x00000000
157,192042203.665,41.714,0,0,0x00000200,0,199.4,444.0,0,0,0,0x00000000
158,192042245.229,41.564,1,0,0x00000200,0,288.2,368.7,0,0,0,0x00000000
159,192042286.732,41.503,2,0,0x00000200,0,208.5,356.0,0,0,0,0x00000000
160,192042328.388,41.656,3,0,0x00000200,0,202.6,340.5,0,0,0,0x00000000
161,192042370.837,42.449,0,0,0x00000200,0,207.1,597.0,0,0,0,0x00000000
162,192042413.294,42.458,1,0,0x00000200,0,196.3,810.5,0,0,0,0x00000000
163,192042454.656,41.361,2,0,0x00000200,0,205.1,382.7,0,0,0,0x00000000
164,192042496.619,41.964,3,0,0x00000200,0,206.2,341.0,0,0,0,0x00000000
165,192042537.919,41.300,0,0,0x00000200,0,213.9,439.6,0,0,0,0x00000000
166,192042580.665,42.746,1,0,0x00000200,0,177.5,643.4,0,0,0,0x00000000
167,192042621.611,40.946,2,0,0x00000200,0,390.5,330.0,0,0,0,0x00000000
168,192042663.387,41.777,3,0,0x00000200,0,199.1,718.1,0,0,0,0x00000000
169,192042704.828,41.440,0,0,0x00000200,0,196.7,578.9,0,0,0,0x00000000
170,192042747.485,42.657,1,0,0x00000200,0,204.1,326.2,0,0,0,0x00000000
171,192042788.006,40.521,2,0,0x00000200,0,201.7,558.2,0,0,0,0x00000000
172,192042830.671,42.665,3,0,0x00000200,0,209.2,353.4,0,0,0,0x00000000
173,192042871.091,40.421,0,0,0x00000200,0,240.7,540.7,0,0,0,0x00000000
174,192042913.731,42.639,1,0,0x00000200,0,203.9,358.7,0,0,0,0x00000000
175,192042954.420,40.690,2,0,0x00000200,0,208.5,614.9,0,0,0,0x00000000
176,192042996.890,42.470,3,0,0x00000200,0,205.7,336.1,0,0,0,0x00000000
177,192043038.005,41.115,0,0,0x00000200,0,442.8,332.2,0,0,0,0x00000000
178,192043080.578,42.574,1,0,0x00000200,0,208.0,311.8,0,0,0,0x00000000
179,192043121.042,40.463,2,0,0x00000200,0,182.3,495.1,0,0,0,0x00000000
180,192043163.316,42.274,3,0,0x00000200,0,208.1,349.8,0,0,0,0x00000000
181,192043204.975,41.659,0,0,0x00000200,0,209.8,531.9,0,0,0,0x00000000
182,192043246.387,41.412,1,0,0x00000200,0,415.4,319.9,0,0,0,0x00000000
183,192043288.120,41.733,2,0,0x00000200,0,201.3,405.3,0,0,0,0x00000000
184,192043330.144,42.024,3,0,0x00000200,0,220.1,322.5,0,0,0,0x00000000
185,192043372.059,41.915,0,0,0x00000200,0,204.9,327.2,0,0,0,0x00000000
186,192043413.707,41.648,1,0,0x00000200,0,203.4,335.8,0,0,0,0x00000000
187,192043455.640,41.933,2,0,0x00000200,0,206.1,320.4,0,0,0,0x00000000
188,192043496.169,40.529,3,0,0x00000200,0,210.0,541.2,0,0,0,0x00000000
189,192043537.750,41.581,0,0,0x00000200,0,234.4,500.8,0,0,0,0x00000000
190,192043579.544,41.794,1,0,0x00000200,0,193.4,527.7,0,0,0,0x00000000
191,192043622.599,43.055,2,0,0x00000200,0,186.8,336.3,0,0,0,0x00000000
192,192043662.994,40.395,3,0,0x00000200,0,189.5,588.8,0,0,0,0x00000000
193,192043705.474,42.480,0,0,0x00000200,0,206.2,331.4,0,0,0,0x00000000
194,192043746.620,41.146,1,0,0x00000200,0,208.7,346.9,0,0,0,0x00000000
195,192043787.792,41.172,2,0,0x00000200,0,211.6,318.2,0,0,0,0x00000000
196,192043830.486,42.693,3,0,0x00000200,0,279.7,504.3,0,0,0,0x00000000
197,192043871.808,41.322,0,0,0x00000200,0,284.6,500.6,0,0,0,0x00000000
198,192043913.750,41.942,1,0,0x00000200,0,470.3,358.8,0,0,0,0x00000000
199,192043955.389,41.640,2,0,0x00000200,0,200.9,316.4,0,0,0,0x00000000
200,192043997.101,41.712,3,0,0x00000200,0,202.9,842.1,0,0,0,0x00000000
# vblank gap histogram (gap = PresentRefreshCount delta per app Present)
# app presents=200, stalled(bridge block > frame period)=0, tearing-flagged=120
# vblank gap histogram (gap = PresentRefreshCount delta per app Present)
# app presents=200, stalled(bridge block > frame period)=0, tearing-flagged=120
